learning evaluation instances,evaluation time (cpu seconds),model cost (RAM-Hours),learned instances,detected changes,detected warnings,true changes,delay detection (average),delay true detection (average),MTFA (average),MDR,true changes detected,input values,model training instances,model serialized size (bytes),Change detected,Warning detected,tree size (nodes),tree size (leaves),active learning leaves,tree depth,active leaf byte size estimate,inactive leaf byte size estimate,byte size estimate overhead
2000.0,0.051685,1.253659940428204E-10,1000.0,0.0,0.0,1.0,0.0,?,?,1.0,0.0,0.0,1000.0,504.0,0.0,0.0,3.0,2.0,2.0,1.0,0.0,0.0,1.0
3000.0,0.065784,1.59564216931661E-10,2000.0,0.0,0.0,1.0,0.0,?,?,1.0,0.0,0.0,1000.0,504.0,0.0,0.0,3.0,2.0,2.0,1.0,0.0,0.0,1.0
4000.0,0.072721,1.7639045086171893E-10,3000.0,0.0,0.0,2.0,0.0,?,?,1.0,0.0,0.0,1000.0,504.0,0.0,0.0,3.0,2.0,2.0,1.0,0.0,0.0,1.0
5000.0,0.07801,1.8921933240360685E-10,4000.0,0.0,0.0,2.0,0.0,?,?,1.0,0.0,1.0,1000.0,504.0,0.0,0.0,3.0,2.0,2.0,1.0,0.0,0.0,1.0
6000.0,0.082894,2.0106585489379037E-10,5000.0,0.0,0.0,3.0,0.0,?,?,1.0,0.0,1.0,1000.0,504.0,0.0,0.0,3.0,2.0,2.0,1.0,0.0,0.0,1.0
7000.0,0.087851,2.1308944457107123E-10,6000.0,0.0,0.0,3.0,0.0,?,?,1.0,0.0,0.0,1000.0,504.0,0.0,0.0,3.0,2.0,2.0,1.0,0.0,0.0,1.0
8000.0,0.091395,2.2168569266796115E-10,7000.0,0.0,0.0,4.0,0.0,?,?,1.0,0.0,0.0,1000.0,504.0,0.0,0.0,3.0,2.0,2.0,1.0,0.0,0.0,1.0
9000.0,0.095334,2.3124004403750105E-10,8000.0,0.0,0.0,4.0,0.0,?,?,1.0,0.0,1.0,1000.0,504.0,0.0,0.0,3.0,2.0,2.0,1.0,0.0,0.0,1.0
10000.0,0.120919,2.9441042285826473E-10,9000.0,0.0,0.0,4.0,0.0,?,?,1.0,0.0,1.0,2000.0,744.0,0.0,0.0,5.0,3.0,3.0,2.0,0.0,0.0,1.0
